,Deciles,pred_spend,total_spend
0,9,1373.5334916089969,1063.4798714372998
1,8,746.4001148307026,780.5109531860272
2,7,556.3137341103803,624.1164000000005
3,6,452.4742621915322,524.7593333333334
4,5,390.83819065485676,454.95619999999985
5,4,344.89704021071793,395.3855333333333
6,3,307.15662916096375,340.14226666666667
7,2,276.6860706604856,290.7687999999999
8,1,245.341481900649,229.97607998476863
9,0,206.8103101696486,154.16142625541758
