,Deciles,pred_spend,total_spend
0,9,1366.942996087267,1070.0537602850034
1,8,769.7314613045968,793.5370641278868
2,7,546.3581075269132,616.9886285714288
3,6,443.9301399580228,515.2355428571428
4,5,381.00167007813565,442.17651428571435
5,4,335.1744003388432,380.2510571428574
6,3,296.0199518040525,321.16908571428564
7,2,265.59136595145856,268.82185714285714
8,1,235.10931152671574,210.99984571102175
9,0,200.793889846797,145.06887937007028
